MEM_Id,GENDER
91791,0
719600,0
172362,1
272744,0
310857,0
1244806,1
742071,1
87530,0
172217,1
24045,0
883533,0
1182459,0
1162597,1
50484,1
748044,0
729009,1
813048,1
497882,1
1135256,0
625993,0
1271537,1
1064312,0
555841,1
17112,0
803360,0
1340985,1
570797,1
1316217,1
365188,0
109675,0
1226413,1
1038995,0
188328,1
336035,1
935501,1
1014180,0
542739,1
1035790,0
982593,1
1252443,1
283151,0
223524,0
380167,0
812476,1
468779,1
777135,1
14605,0
271067,0
509635,1
56569,0
92771,0
1167714,0
38944,1
526890,0
110736,0
308460,0
1327203,1
1364697,1
1423118,1
1027030,1
1351323,1
1274162,0
1135437,0
756762,0
1293929,0
11601,0
1119910,1
635498,0
1055180,1
87076,1
960111,1
739862,0
544714,0
1426583,0
1116224,0
970168,1
338313,0
1216263,0
593005,0
745275,0
679059,0
1118911,0
1178512,1
1419270,1
1366622,1
638999,1
980233,1
1370886,1
1397613,0
1400897,0
674209,0
1296804,1
609621,1
1255149,1
60365,1
1253202,1
1277306,1
33917,0
1373821,1
861996,1
1319512,1
1288803,0
980583,0
943987,1
1131465,1
1127351,0
1113906,1
543216,1
310913,0
1104014,0
31414,0
1290229,0
323850,1
1297482,1
380431,0
988781,1
864410,0
473986,0
1252375,0
275786,0
1383184,1
1356101,1
1107363,1
306572,0
1369428,1
528271,0
415338,1
344545,0
927860,1
344284,0
271788,0
1362231,1
655289,0
357820,1
1160841,0
1259977,1
1355842,0
1128100,1
62060,0
1074555,1
59183,1
1247077,1
1286730,1
853073,0
57382,1
917521,1
1228631,0
1396177,1
366207,0
1184634,0
1125299,0
34742,0
636543,1
216287,1
623373,1
513829,1
668689,1
535184,1
205871,0
78928,1
322961,0
117419,0
693099,0
1347003,1
787984,1
8964,0
748668,0
950530,1
283339,0
1196690,1
1034512,1
1386074,1
1271032,1
28398,0
51635,0
86011,0
539611,0
511210,0
1292035,1
1207405,1
26500,0
768706,0
323576,1
1189006,1
1019015,1
41154,1
840391,1
1112479,1
761644,1
1011888,0
418159,0
724053,0
1140347,0
1206859,1
1089606,0
690306,1
1093278,1
771561,1
281245,1
982263,1
31760,0
1113839,0
1105513,0
481696,0
1200450,1
230463,0
1221125,0
416603,0
1382584,1
322333,0
1330558,1
913566,1
149496,0
1084105,1
1383012,0
1203917,1
1205363,1
950302,1
294286,0
493956,1
836713,1
330233,0
1345982,1
1301254,0
1058860,1
861453,0
826920,0
1286129,0
34274,1
698689,0
1303518,1
335846,1
83732,0
772248,1
619071,1
743625,0
1268940,1
902554,1
873837,0
570100,0
1119100,0
1075752,1
1128019,0
299987,1
1145435,0
728232,1
1258548,1
306067,0
505468,0
643787,0
795068,0
730882,1
816282,1
310851,0
1094555,0
664997,1
1148549,0
837114,1
1396537,1
276853,0
1371834,0
655213,1
264025,1
4906,0
1242888,1
413303,1
1233443,0
233993,1
1155259,1
614515,0
1050472,1
471609,1
1268042,1
57530,0
20693,1
634826,0
1270407,0
244990,1
910407,1
619510,0
1219181,1
682597,1
870983,1
547614,0
1074662,1
928510,1
78144,0
49740,1
1369497,1
1261596,1
786800,0
61574,1
660518,0
518975,1
462338,1
1214967,1
1372526,1
411542,0
1113457,0
1165290,0
1338493,1
1066288,0
830460,0
903139,0
160489,1
82531,0
71212,0
1241731,0
945800,0
1169736,1
500517,1
1048558,1
581050,1
1413156,1
1175208,0
1327161,0
416230,1
235618,0
1355730,1
1404941,1
1156269,1
29214,0
1081264,1
85465,0
645446,1
94868,1
1323298,1
1420317,1
468424,0
866143,0
1198789,1
343525,0
216423,0
1010084,1
1417109,1
1147228,1
309260,0
941699,1
1110457,0
422541,0
1052261,0
311115,0
87757,0
982834,0
1396591,1
581059,0
813181,1
1280552,1
523933,1
281810,0
851835,1
175458,0
275358,0
1250812,1
1417769,1
197365,0
665362,1
1263289,1
1335596,1
1296130,0
84185,1
1362378,0
325601,1
851840,1
84788,0
708392,0
1022382,0
689849,0
1294279,0
68098,0
830194,1
58400,0
915095,1
1134080,1
978743,1
1132296,0
322677,1
1066585,0
66174,0
460659,0
1395216,1
559939,1
71854,0
360424,0
1339207,1
1335369,0
283602,0
1018531,0
1300992,1
1099160,0
634643,0
472509,1
905120,1
1247056,1
1424259,1
1374377,1
1147851,1
1061466,1
1369565,1
1326550,1
932982,1
1238965,1
787386,1
583459,0
1342839,1
1228245,1
335341,0
1367476,1
70207,0
632776,0
1293360,0
947474,0
1325943,0
1074326,1
107663,0
145632,1
1393403,1
654062,0
43671,0
869113,1
1425955,1
1109813,0
1254878,1
1403127,1
968677,1
397789,1
741207,1
455633,0
1105511,0
246254,0
1164131,1
1329890,1
26009,0
1363938,0
1226274,0
1248759,0
7158,0
35105,0
406758,0
640580,0
282438,0
789912,0
405040,1
1370862,0
431743,1
459627,0
521123,0
669115,1
863107,0
440675,0
1417739,1
1370713,1
1202828,0
25075,0
773354,0
1071634,1
1266455,1
34894,1
1402285,0
1065595,0
38966,1
726245,0
1213547,1
87712,0
1263281,1
753940,1
1004469,0
1093020,0
9301,0
1313254,1
139995,0
1048426,0
1254397,1
1427216,0
834589,1
779146,1
1249747,1
673830,1
388476,0
1364552,1
1098248,1
1187276,0
1007378,1
1411432,1
975219,1
33878,0
365826,0
675308,0
462775,0
931466,1
1109913,0
1203224,0
947551,1
1116565,1
866956,1
1339483,1
309368,0
1241888,1
346488,0
1150892,0
1311455,1
594808,0
25985,0
915727,0
751876,1
1320587,1
543624,0
1331256,1
1302409,1
292105,0
256650,1
663862,0
740955,1
1153500,1
731135,0
1308112,1
92336,1
522015,0
1348729,1
1001695,0
1092713,0
6189,0
1251979,1
269351,0
1115109,1
538018,0
778335,1
2439,1
532609,0
172719,1
837463,1
133448,0
14818,0
799392,1
31597,1
1237170,1
436536,0
903051,1
1164162,0
7803,1
1136908,1
1314784,0
958880,0
172712,1
754188,0
33568,0
1297580,1
1283276,0
1093967,0
883695,0
172720,0
981929,1
802368,0
1116676,0
1084102,1
1007180,1
235919,1
1199825,1
91681,0
988588,0
123018,1
545029,0
650109,0
1106615,0
1581,1
372411,0
1097858,0
421346,0
520833,0
10802,0
1348290,0
217296,0
101176,1
1391718,1
583555,1
343917,1
375109,0
1095337,1
152492,0
64464,1
377702,0
1205265,1
1199985,1
429360,0
569253,1
1152458,0
708042,0
70778,0
115678,1
397464,0
937340,1
1218686,1
933346,1
122276,1
93499,0
1012001,1
373094,0
1012447,1
18242,0
1100731,0
1343844,1
13896,1
1130659,0
1401241,1
1259683,1
1188873,0
272327,0
785054,1
769235,0
66779,1
1402123,1
123610,0
573782,1
27737,0
1266291,1
1105864,0
676750,1
513103,1
163843,1
900604,1
1139674,1
486182,0
1336113,1
41888,0
1167150,0
255690,1
1361863,0
5435,0
1370686,1
281516,0
630565,1
590140,0
416377,1
61969,0
1070886,1
984488,1
271946,0
956728,1
1145849,1
466342,1
955643,1
1280064,1
121767,0
448832,1
408330,0
840311,1
1218190,1
1141152,1
69955,0
345704,0
211259,1
668479,0
124939,1
629133,1
50880,0
16050,1
1291693,0
1136430,0
1282076,1
476313,1
911719,1
340801,0
706635,1
754315,1
427366,1
627495,1
1264892,1
657244,1
1340424,1
1115418,1
65963,1
1044882,1
1368992,0
1266630,1
296839,0
46782,0
190966,1
1325260,1
543189,0
592585,0
1257583,1
824176,0
876696,0
707721,0
1351962,0
1367374,1
849626,1
235466,0
417073,1
1231073,0
891866,0
1117475,1
210532,0
854871,0
80141,0
1210307,1
1013897,0
1335583,1
552613,0
545732,1
1975,0
1301858,0
661398,1
368085,0
201638,0
1318057,0
980937,1
369696,0
978335,0
16730,1
917623,0
416668,1
8090,1
318491,0
514320,1
440752,0
1338602,1
444981,1
146114,1
511325,0
498222,1
463095,0
1110861,0
88168,1
1260824,1
871830,1
228342,0
1307778,1
103290,0
856475,1
868668,1
1111436,0
675717,1
519300,1
209210,0
259651,0
1328108,0
1318434,1
608397,1
1111033,0
1259460,0
1062156,1
721752,0
1100562,1
533182,0
262977,0
166444,0
531839,1
979192,1
787403,1
1378230,1
1125417,0
642032,0
1401795,0
789475,1
836849,1
423802,1
219663,0
72166,0
301550,0
928509,1
1079431,1
1390271,1
1049591,0
57105,0
289677,0
418390,1
1267583,1
1306322,1
218613,0
543456,1
79732,0
1060790,1
1357038,1
29318,0
478711,1
145861,1
234795,0
539114,0
781793,0
629804,1
360267,0
441422,0
491298,0
1270885,1
1323280,0
322524,0
881165,1
1306405,1
866253,1
1100193,1
1175781,1
582675,1
1029093,0
1343811,1
1012566,1
439116,0
1158817,0
117382,1
441961,0
595424,0
876220,1
52591,0
176634,1
69012,0
8425,1
375309,0
503175,0
155941,1
529426,0
601902,0
20696,1
1249143,1
1138600,1
541157,0
972257,1
876350,0
1330097,0
555721,0
384699,1
791827,1
1199307,1
552946,0
1327069,0
196949,0
1196972,1
1322254,1
970026,1
65181,1
1215275,1
538519,0
1091680,1
953240,1
976692,1
191226,0
121772,0
925858,1
640605,0
1283977,1
1402502,1
873220,1
1386979,1
848684,1
1059605,0
1214655,1
1385590,1
22387,1
289437,0
1329028,1
22447,0
4042,1
15011,0
25168,0
775430,1
416682,1
55140,0
22149,0
296867,0
607197,0
95987,1
1321256,1
1082370,0
658665,1
1011802,0
1163400,0
1424772,0
506770,0
999063,1
1388282,1
726818,0
1183703,0
58511,0
272777,1
308922,0
1250509,1
813842,1
454810,1
680902,1
1318147,1
857344,1
315602,0
783784,0
1249864,1
754907,0
82703,0
975337,1
886688,1
893321,0
1371290,1
746381,1
782916,1
1402994,1
449739,0
1142278,0
1404277,1
283521,0
875156,0
1132051,1
274901,0
1378413,1
1284348,1
587983,0
687346,1
1368632,1
405812,1
1115817,0
797125,1
338300,0
1247639,0
1345334,0
655303,0
647418,1
31948,0
123029,0
597623,0
1114832,1
367735,0
1190388,1
85452,0
843039,0
1242379,0
490265,1
1095286,1
242733,0
815490,1
1157123,0
110467,1
116455,0
939064,1
1184838,1
1335816,1
81152,0
1099515,0
1018956,0
2026,0
154814,0
855602,0
1128775,1
1074729,0
1255070,1
1208908,1
1369076,1
634886,1
82948,0
941922,1
822703,0
211047,1
28449,0
44150,0
825329,0
282339,1
322602,0
1337150,0
1394014,1
173208,1
913379,0
646313,1
563643,1
452926,0
1388835,0
540961,0
125054,0
1002807,1
556059,0
1257321,0
1032305,1
1300344,0
1224607,1
320396,0
1094297,1
1371363,1
1410869,1
1273600,1
432948,0
339084,1
233041,0
1221412,1
1165508,0
915244,0
1197743,1
1064572,0
556587,1
1101460,0
718257,0
1278807,0
349190,0
761732,0
1168038,1
1175605,0
1080235,1
411986,0
1417215,0
1234043,1
1117083,0
126441,0
780591,1
1115597,0
1088973,0
31253,0
1426601,0
1414609,1
219273,0
1240455,0
327868,0
1265924,1
410841,0
677544,0
834020,1
1328984,1
1202145,0
9996,1
808232,0
1270355,0
996420,1
1004099,1
592854,1
772033,0
1211777,1
1037481,1
1241532,1
418773,1
634351,0
1033518,0
965528,1
934667,1
457275,0
184800,0
336610,0
829934,1
490291,1
629702,0
716297,0
1213612,1
199036,0
994178,1
298612,1
1220869,1
762385,1
1142299,1
417654,0
268925,0
419897,0
19077,1
1313414,1
1367723,1
1333193,1
573934,0
904025,1
1047150,1
1061998,1
1090138,0
769443,1
165646,0
1342203,1
151151,0
500572,1
1236237,0
101912,0
825778,1
386332,1
1300229,0
120882,1
1083196,1
1270755,1
35930,0
1395229,0
67826,0
43115,1
1141228,0
355779,0
1298492,0
1018320,0
1336290,1
253469,0
394344,1
761000,0
1152824,1
1417209,1
52620,0
1222924,0
371850,0
343763,1
1332582,0
63802,0
172821,1
1146884,1
390864,0
1214147,1
897106,0
885580,0
449395,1
1409679,1
550214,1
910166,0
1419819,1
110484,0
1255152,1
1343521,1
1083081,1
302836,0
186810,0
1019307,0
483826,0
655136,0
1112766,1
1287985,1
1223812,1
255671,0
749688,0
67515,1
28263,0
83581,0
1374743,1
145361,0
154664,0
1162845,1
1218370,1
38440,0
106573,1
1153240,1
870675,1
710951,1
977764,1
1285890,1
154040,0
1418350,1
1031026,1
1272921,0
985241,1
687864,1
1242227,1
1407284,0
1101132,0
901740,1
139500,0
381925,0
864202,1
78404,1
10034,0
829771,1
1266169,1
65204,0
1010272,1
449435,1
1270023,1
1043595,1
1108198,0
1087721,0
893601,0
1040382,0
102728,1
937142,1
1278243,0
1090954,1
651140,0
775501,0
304151,0
1272030,1
21813,0
609724,1
1365765,1
1194033,0
179315,0
227923,0
272314,0
250117,0
1317404,1
646775,0
7239,0
716956,0
1406405,1
590535,0
828266,0
1205634,1
802609,1
792650,1
1036679,1
182888,1
394437,1
536636,1
117959,1
1795,1
213667,1
135709,1
1421282,1
225114,0
1417562,0
1241760,1
1413557,0
755446,0
267731,0
1281081,1
1050240,1
1362440,1
1263936,1
1334720,0
1228835,1
964227,0
1401308,1
682598,0
1210592,0
26322,0
955409,1
1379838,1
727511,0
896006,0
263754,0
335095,0
1321009,0
1124269,0
1313732,1
700818,1
1348266,1
824214,1
729175,1
190618,0
1314419,1
1384216,1
748059,1
284920,1
793019,0
1034317,1
359334,1
4898,0
224695,1
1120449,0
1237582,1
1195712,0
523041,0
89992,0
1281382,1
882626,1
78850,1
1164468,1
120399,1
1045012,1
732220,0
920080,0
1102052,0
352790,1
906650,1
1245513,1
1013857,0
1134243,0
770833,1
1242538,1
160296,0
935624,1
804704,1
798119,0
1132679,1
530378,0
584321,1
1108457,0
328750,0
402764,0
209018,0
1251810,0
328658,0
276715,0
668162,1
508960,0
706907,0
575123,0
51608,0
1190545,1
1245495,0
612229,0
1394480,1
681687,1
583468,0
277404,0
31434,0
1419692,1
61665,0
826248,1
1385548,1
891040,1
260879,0
479323,1
1425687,1
681822,1
779184,0
879196,0
594302,1
1024401,0
224675,1
30489,0
408049,0
480208,0
576706,0
1374548,0
616696,0
306690,1
1032083,0
1243818,1
1383395,1
676669,0
1231186,1
1339650,1
1293872,1
103826,0
834798,1
742711,1
1427418,1
1234958,0
551640,1
879318,1
768934,1
175032,1
1078604,1
1257106,0
1383307,1
1389624,0
1234768,1
1318201,1
1353060,1
364873,0
62592,1
744444,1
305983,0
1325239,1
903860,1
1220585,1
687980,0
1282644,0
323778,0
1157351,0
895721,1
413126,1
1256677,1
1121266,0
71007,0
1359997,1
27610,1
429364,1
1337698,1
564468,1
475246,0
1165877,1
1368015,0
1308700,1
845681,1
1067239,1
793762,1
313229,0
101964,0
1328106,1
572873,0
1331120,0
661811,1
292441,0
590409,0
506478,0
425129,0
1059128,0
7846,0
994263,1
33659,0
1161607,1
993155,0
418431,1
6142,0
594959,0
2094,1
1279959,1
85061,0
1399877,1
557245,0
477885,1
1115737,1
1243063,1
1332075,1
387749,0
28141,1
757929,0
58297,0
988908,1
1037402,1
1403547,1
6333,1
634264,1
606733,0
766157,0
1222016,0
208147,0
759245,0
415085,0
322834,1
1351811,1
263440,0
731196,0
29990,0
1075385,1
659364,0
1325149,0
368229,0
612422,0
949898,1
739212,1
526769,0
701835,0
1140793,1
1187807,1
597584,0
197961,1
1121981,1
1989,1
873936,1
1148708,1
348244,1
162359,0
526636,0
1233267,1
1212227,0
1298575,0
69943,0
617007,1
412031,0
6307,1
347297,0
1395325,0
761545,1
1234550,1
417575,0
1013911,0
1364034,1
743630,1
20272,1
34592,0
1326663,1
1227195,1
17097,0
610297,0
982012,1
770272,1
3116,0
1296919,1
935765,0
1029108,1
245422,0
1177279,1
1344595,1
1310424,1
653022,0
779674,1
1064849,1
140370,0
1283998,0
448841,1
109481,0
44055,1
431031,1
4583,1
13939,1
68144,0
862048,1
1231760,0
697483,1
393922,1
1383549,1
1379469,1
871411,1
975975,1
767824,1
577835,0
1298014,1
1252828,0
547958,0
899868,1
1395156,0
1073721,0
1059689,1
1106843,1
1113886,0
370712,0
691080,0
239225,1
1135083,0
510670,1
839685,0
285887,0
416485,0
794427,1
304323,0
291629,0
760261,1
1427215,0
923247,0
453733,0
7523,0
195414,0
981090,1
659485,0
1089465,1
600272,0
1183635,0
571655,1
192715,0
27322,1
756169,0
47510,0
712697,0
2308,0
1036037,0
1021950,1
768453,1
1101479,1
250416,0
3191,0
1002958,1
864862,0
56502,0
1323467,1
654302,0
368095,1
909477,1
820033,1
659658,1
166593,1
449424,1
1097299,0
977004,0
1221303,1
1167321,0
1357707,1
1411009,1
909672,0
1356031,1
878488,1
62890,0
1266409,1
1235131,0
545038,0
772808,1
1309004,1
224681,1
1006470,1
356541,1
749638,0
528030,0
817241,1
647073,0
365183,0
1296731,1
910196,1
1417782,1
297976,0
1394040,1
605075,0
11254,1
1374469,1
659975,0
1419476,1
1179020,0
834954,0
1421304,1
580533,1
466940,1
1341365,1
6395,0
1058785,1
1264859,1
405971,1
844079,1
1397211,0
1093184,1
1238010,1
1242393,1
299373,0
715040,0
1021940,1
900347,1
331994,0
1358753,1
9509,0
688481,0
1091083,0
300258,1
730385,1
416690,1
1084079,1
756025,0
1350744,1
784675,0
8892,0
464719,0
1088987,0
689090,1
552237,0
793724,1
2457,1
351177,0
1129043,0
1404816,0
293030,0
791779,0
772931,0
1097117,0
12967,0
536987,1
698996,0
1113682,0
1281221,0
970520,0
540679,0
334768,1
157390,0
241443,0
1233637,0
1270113,0
463691,1
954692,0
517785,0
34847,1
159691,1
655592,0
1143002,0
1212991,1
877409,0
1267816,1
1375223,1
484093,0
1349439,0
686014,1
755547,1
277137,0
5667,1
71355,0
1390416,1
1081172,1
1374872,1
529000,0
1363879,1
188236,0
528208,1
641553,0
537002,1
1116326,0
920470,0
1197900,0
72127,0
323838,0
181387,1
1415101,1
1090369,0
1211278,0
604990,1
1395830,1
1277567,1
939652,0
789617,0
455060,1
1328343,1
1016675,1
430818,1
280100,0
1253218,1
175657,0
1014513,1
1076510,1
83711,0
1153933,1
1087951,1
973488,1
660929,1
680655,0
920805,1
492056,0
642155,0
305563,0
1372522,1
414400,0
842716,1
487595,0
1114667,0
333256,0
235913,1
630103,0
1199251,0
1173849,0
1251318,1
33283,0
884762,0
906779,1
117391,0
1426987,0
654382,0
1425129,0
465638,1
1339071,1
751536,0
876497,0
99573,0
283573,1
82805,0
59964,0
926939,1
983622,1
701241,0
1418851,0
420459,1
1183827,1
839634,0
1042712,1
28994,1
1109935,0
436904,0
1179804,1
222304,1
537568,1
180426,1
1392298,1
1336884,0
394443,1
1417949,1
1325639,1
460669,1
1392671,1
466428,1
1189399,1
458683,1
1309224,0
774289,0
15211,0
1242488,0
841589,0
1394919,1
1020562,0
579872,0
937085,1
1017080,0
1427085,0
1310144,1
1338877,1
1214974,1
840402,1
960188,1
924266,1
266869,0
1400410,1
791997,1
1035658,0
1248760,1
776966,1
1483,1
963450,0
1285514,0
1327179,1
999629,1
1218661,1
956077,1
1013466,1
929219,1
51484,1
651622,0
313273,0
859398,1
172184,1
1103541,0
1147979,1
559487,0
1035416,0
134151,0
211574,0
88586,0
629671,0
783278,1
1123968,1
1135632,0
1209833,0
1276882,1
857571,1
943245,1
670863,1
1103070,0
1193648,0
1098283,0
6404,0
973496,1
1096535,1
700237,1
670072,1
1394492,1
903474,0
782711,1
645370,0
8962,0
1279927,1
1232476,1
1387886,1
10426,0
1382443,1
674188,1
317157,0
1187170,0
632761,1
1221362,1
782972,1
594979,0
1014487,0
1298973,1
1260097,1
290406,0
1036851,0
1380512,1
991020,0
2706,0
1146412,0
579930,0
930301,1
440131,0
1279962,1
1159052,1
1217384,0
251965,0
766535,1
1272083,1
1251545,0
33111,1
317923,0
748506,0
1283099,0
1140118,1
2113,0
262838,0
1014640,1
393883,0
1162753,0
149141,0
948198,1
500560,1
1168864,0
25936,0
1197190,0
506952,0
1225799,1
1247857,1
172462,1
734554,0
1366018,0
59239,0
472324,0
1237294,1
183068,1
670170,1
954779,1
917379,1
841014,0
327448,0
830518,1
1070308,0
1087754,0
1285078,1
922953,0
986354,1
847925,0
760733,1
1389738,1
322227,0
763924,0
921236,0
982882,1
860176,1
744095,0
1036285,1
1248045,1
552814,0
1422287,0
775610,1
229238,0
418479,1
567557,0
1036115,1
304864,0
1207311,1
708184,1
706715,0
330395,0
1161250,0
194195,0
323847,0
313268,0
170461,0
36410,1
174352,0
273803,0
1421610,0
798122,0
9502,1
565235,0
300895,0
1249260,1
1383847,1
295712,1
1378534,1
311225,1
429889,1
1340932,0
234247,0
1248768,1
877464,1
438533,0
1301089,1
573304,0
832628,1
1029553,1
1279753,1
884277,0
1096403,0
1389059,0
967329,1
811206,1
711326,1
1344577,1
1029487,1
1203649,0
662759,0
989130,0
26272,0
912962,1
1128285,1
819752,1
814086,1
233008,0
963824,1
409387,0
1082640,1
1006867,1
1402284,1
529514,0
532904,1
82504,0
83220,0
968391,1
1228993,1
1394349,0
150155,0
476009,1
632627,0
1055759,1
1416667,1
619051,1
815153,1
40604,0
1309150,1
311624,0
522503,0
261276,0
1207137,1
424187,1
926440,1
497777,1
838731,1
1290480,1
1226708,0
47508,0
583876,0
539015,0
711107,1
1173188,1
522179,1
983992,1
1234293,0
586600,0
408932,0
27694,0
1110182,0
1038580,0
263428,0
749608,1
3969,0
905006,1
1092751,0
1068523,1
791355,0
783379,1
380492,0
1400970,1
1406557,1
1384424,1
268271,0
95514,0
191170,0
555048,0
822804,1
1181020,0
905554,1
1267873,0
279992,0
314464,1
728068,1
215723,0
554760,0
1375617,1
801935,1
4967,1
420392,0
445824,1
562089,0
1142825,0
1315333,0
1279033,1
1142772,0
558223,0
64787,1
945776,1
480457,0
1073608,1
168369,0
28505,0
1347301,1
1300586,1
516372,1
874760,1
327949,1
1162462,0
1254504,1
556637,1
202546,0
1092979,1
1265013,1
1260456,1
710852,1
1020646,0
1400,1
335348,1
556811,0
942979,1
1081011,1
140548,0
767986,1
292860,0
1420052,1
1122825,0
501866,0
1056802,1
221526,0
528938,0
857321,1
834374,0
117577,1
909053,0
1084850,0
1262517,1
1097718,0
394250,1
684845,0
632581,1
1237374,1
1158263,1
1276668,0
421207,1
772863,1
706212,0
1389478,1
200147,1
1073863,1
277919,0
474221,0
727284,1
337410,1
591623,1
770627,1
1359834,0
1421110,0
301349,0
69484,1
526825,1
916270,1
11185,0
1355287,1
721324,0
21221,0
423598,0
1057419,1
701844,1
345609,0
1114037,0
649693,0
1148841,0
1344631,1
701723,0
1305360,1
905118,0
1370764,0
213853,0
1370427,1
481312,1
1148001,0
812586,1
201274,0
714085,0
1057603,0
553953,1
124782,0
733724,1
1077541,1
870198,0
1408025,1
182435,0
516773,1
1415314,1
798170,0
1328598,1
75543,0
41642,0
49102,0
489706,0
155549,0
705144,0
1170143,0
1233857,0
1005367,0
244724,1
399449,0
163353,0
984180,1
608967,0
18532,0
627554,0
1003429,1
1305529,1
648441,1
85477,0
1326425,1
1255728,0
514746,1
887217,0
320097,0
920349,1
1269112,1
744690,0
1405911,1
769827,0
1119265,0
1174881,1
149087,0
79166,1
707557,0
1399244,1
1309288,0
615205,0
711716,0
141398,1
1335308,1
1416422,1
1308771,0
965693,1
1286006,1
614042,0
1063563,0
1244626,1
314564,0
172717,1
1205272,1
663632,0
1199514,0
671392,1
1017343,1
1145638,1
1383439,1
943423,0
1165243,1
925973,0
505332,1
1398730,1
1371050,1
1347153,0
1211473,1
1298392,1
1205482,0
43026,0
1095823,0
733680,1
1258229,1
1140376,1
1404063,1
1317254,0
491700,0
620121,1
1306508,1
1306016,0
668740,1
1198911,1
1159386,1
1112739,0
1276639,0
1255264,0
412561,0
1190752,1
1092739,0
1123466,1
774656,1
765500,0
645319,0
28453,0
1394631,0
263789,0
1376829,1
26730,1
816994,1
1166207,0
823407,1
177859,0
1088100,1
350691,0
323937,1
1023078,1
876952,0
51995,0
690494,1
431888,1
1304801,1
1231,1
1151139,0
1198874,0
161242,1
909026,1
120247,1
969985,1
1163372,1
1411571,1
90042,0
1224021,1
387571,0
340662,0
442920,1
402997,0
973861,0
709776,1
1341556,1
100578,1
1028748,1
205890,1
4963,1
1091140,0
561594,1
1351639,1
289445,0
1169222,1
1419180,1
676666,0
529676,0
937336,1
844412,1
1086382,0
902982,0
274293,1
273991,0
863991,1
1080271,1
1338462,0
855904,1
509180,1
224739,1
147452,0
1343503,1
1180806,1
342195,0
770978,0
190920,0
1185439,0
248409,1
1116495,1
1421442,1
1205688,0
1401068,1
524052,1
267076,0
1235827,0
416487,1
306212,0
1175972,1
4800,1
826140,0
1140666,1
1044638,1
1384105,0
747226,0
614902,0
1352334,0
89587,0
33140,0
1084261,1
1105980,0
1332585,0
1399354,1
285109,0
1068921,1
1185530,0
69794,0
1412305,0
1001028,0
313847,0
873941,0
678231,1
520844,0
895035,0
1304931,1
1396970,1
680670,1
489416,1
987899,1
1157423,0
1093561,1
1327435,1
958395,1
326280,0
82143,0
921324,1
434787,0
72251,0
1291278,0
279509,1
337726,0
1320308,1
82415,1
25506,0
1319173,1
1006877,1
1414273,1
1320513,1
736785,0
1173818,0
878914,0
177504,0
7642,1
1420333,0
999814,1
206398,0
300376,0
768080,0
419162,1
389680,1
1401720,1
1257659,0
235653,0
60000,0
986639,1
71227,0
264146,0
1340159,1
302634,0
1253228,0
910642,0
1099510,0
433456,0
374013,0
593547,1
752272,1
27726,0
392094,1
233171,0
1262854,1
1365294,1
346455,0
974776,0
265096,0
1145624,0
292507,0
1253185,1
316346,0
418412,1
1039299,1
533379,1
83205,0
113175,0
1208623,1
1424060,0
497487,1
1216474,1
1210282,0
726330,0
845883,1
1311990,1
1173991,0
1243637,1
1285957,1
334023,0
751956,1
275944,0
1347290,1
417929,1
870120,0
1284711,1
832997,1
22756,0
264477,0
622182,1
1338306,1
591296,0
282445,0
601558,0
673361,0
630784,0
74902,1
221284,0
1046044,1
1357470,1
109078,0
1111877,0
482513,0
546670,0
76235,1
1002100,1
727402,1
522988,0
1020063,1
747025,0
526000,1
2388,1
798137,0
413342,1
1221867,1
280614,0
1101579,1
13538,0
973587,1
26917,0
81364,1
346580,1
1155583,1
527790,1
930626,1
1414210,0
915159,1
1334204,0
948149,1
1016508,1
1268111,0
1380477,0
1347326,1
1270128,0
1245724,0
774227,0
973556,1
117805,0
1265738,0
444296,1
1395448,0
426745,1
33973,0
904725,1
1279111,0
1402156,1
831830,0
146267,0
1290319,1
1145974,1
913057,1
1425399,1
690440,1
1398987,1
411466,0
1418323,1
1311485,0
1028066,1
1400069,1
1312001,0
510125,0
1247093,1
30202,1
1019558,1
1192766,1
1132506,1
115218,0
852485,1
930322,0
413313,1
97989,0
1073833,1
1080973,0
940111,0
1293795,1
989518,1
1211982,1
57528,0
1354973,1
1051673,1
60071,0
1064729,1
904685,1
795664,1
1382121,1
1277706,1
1161292,0
38529,0
473680,1
413392,1
83272,0
1163682,0
1303200,0
1090626,1
1028922,1
925204,1
582239,1
542715,0
1385611,0
1151864,0
556048,0
412798,0
1407254,0
852017,0
944227,1
1329440,1
1322777,0
1183807,1
1407530,1
765591,1
956547,1
1319441,1
1102210,1
57412,0
1124929,1
1292099,0
1006558,0
266765,1
979608,1
960244,0
388527,0
874979,1
1272826,1
1100413,0
1271615,1
1148632,0
1269276,1
1377176,1
955663,1
1132891,1
1259150,1
1206928,0
763535,0
901610,0
1100088,1
603682,0
1056313,1
1261751,1
672463,1
1392125,1
27327,1
1396300,1
1389011,1
925455,1
992873,0
498755,1
642993,1
1085110,0
1417264,1
129618,0
219472,0
920583,0
527971,1
1261754,0
1329288,1
780127,1
1051473,0
1235574,1
303147,0
1008554,1
214107,0
851950,0
566455,0
1160331,1
745574,1
76868,0
695198,0
540823,0
5107,0
967136,1
383156,0
252959,1
841351,0
1002097,1
122757,1
263034,0
487513,0
1046743,1
503374,0
937492,0
335454,0
1414066,1
2956,0
647575,1
699483,0
1283756,0
401633,0
1149256,1
762128,1
635698,0
1105524,0
1388892,1
1332386,1
1121886,0
969159,1
533576,0
559736,0
1000146,0
1191503,0
824448,1
132855,0
172258,1
642222,1
179554,1
656124,0
578330,0
262933,0
337020,0
1396752,1
617762,0
1021726,1
648043,1
232087,1
780274,0
29064,0
63632,0
1311008,1
1362558,1
32936,0
456697,0
27919,1
87489,0
251450,0
876668,0
714360,0
1301173,1
301716,0
1317713,1
596049,0
1327520,1
1372060,0
550126,0
1319443,1
55499,0
1325688,1
1334359,0
541600,0
1332461,0
1286168,0
753648,0
566171,1
3264,1
1257314,1
1271551,0
679431,0
1264567,0
783013,1
933042,1
796213,0
687480,0
808875,0
1142662,0
1184656,1
858499,0
1344765,1
28142,0
448670,0
1357722,1
641552,0
1186150,1
1256193,0
1209250,0
58447,0
182267,0
646422,0
1265183,1
337183,1
1356305,0
1421177,1
1161971,0
1340780,0
58402,0
888179,0
824715,1
874386,1
382199,0
201135,0
608801,1
115260,0
363071,1
1093061,0
899141,0
207351,0
186602,1
263267,0
756273,0
571842,0
416828,1
678046,1
1176237,0
834595,1
1379518,1
1377275,1
892062,1
708214,0
361279,0
963820,1
808957,0
863798,0
1097392,1
1268406,0
401878,1
928152,0
263469,0
1298279,0
773735,1
770731,0
614361,1
587964,0
843829,0
623230,1
654792,0
659995,0
2084,0
549165,1
1090009,0
1369512,1
1299181,1
270564,0
622597,1
41141,1
603459,0
1191848,0
1132178,0
542984,1
1026447,1
97812,1
68417,0
1158229,1
398406,0
67037,0
594395,1
322682,1
447268,0
310432,1
1414086,1
583903,1
959454,0
1142367,1
1151567,0
1029357,0
1022083,1
432624,1
1054,0
721760,0
62771,0
128103,0
760316,0
498074,0
427250,0
474112,0
791502,0
402745,0
568151,1
1124944,1
1307960,0
783330,1
316955,0
1297926,0
850878,0
1295310,1
837667,1
1019584,1
1279085,1
948423,0
1369965,1
1059463,1
269500,0
1217328,1
1152606,0
191237,0
82696,1
762550,0
1139601,1
82719,0
712202,1
1082787,1
832576,1
1161582,1
710236,0
958148,1
1143193,0
854081,1
1059804,0
814014,1
726134,1
741596,0
1114689,1
545144,0
1143367,1
1396230,0
1082296,1
1190410,1
1426556,0
1392947,1
1019539,1
268375,0
752018,1
119434,0
742085,1
617274,1
832630,1
524739,1
373946,0
550058,0
1005212,1
1335638,0
1164231,0
17986,0
1370754,0
10587,0
73107,1
1158536,0
444731,0
1024187,1
1227645,1
1425135,1
997891,0
405214,1
553736,1
861171,0
503427,0
382856,1
826859,1
448359,1
1033326,0
613250,0
463753,0
406698,0
967960,1
311994,0
875544,0
1333114,1
774173,1
1089392,0
1100666,0
1356974,0
1245832,0
783031,1
823610,1
1229785,0
1413399,1
1370460,0
1104657,0
638597,1
1051632,1
533076,0
663094,1
756771,0
626681,0
1295255,0
365588,1
834666,1
1379632,1
543320,0
1163042,1
210599,0
3152,0
1388904,1
729631,1
1336391,1
272434,0
1424784,1
838061,1
1334396,1
565924,0
52985,0
1312658,0
56724,0
78394,1
1395443,1
1248262,1
589808,1
1332061,1
905102,1
945151,1
1092898,0
1371438,1
673619,0
686076,1
1110613,0
1187457,1
1002118,1
1372101,1
647586,1
1051363,1
1323438,1
843826,0
1117600,1
935050,1
1418215,1
922745,0
44010,0
1104040,0
402982,0
1276553,0
1069072,1
569013,0
729891,0
537118,1
430968,0
1365940,1
1207942,0
1332339,1
877833,1
1084642,1
1101508,1
743301,1
1296685,1
698261,1
562831,1
986938,0
714880,0
183488,0
24180,0
960579,1
873851,0
175668,0
1101615,1
1191090,1
83932,1
498313,1
919803,0
617136,0
164795,0
1284210,0
1352971,0
1145468,1
1232746,1
595909,0
1156379,1
1270823,1
117453,0
1007917,0
1084868,1
901139,1
674858,0
1150011,0
416163,1
706199,0
719599,0
1010276,0
1025084,1
198451,1
662839,1
85881,1
551858,1
1155990,1
1321288,1
1164714,0
1295785,1
344320,0
404152,1
1064234,1
594063,1
466429,1
172206,0
313968,0
20583,1
453478,0
1195833,1
1142798,0
50602,0
934291,0
655259,0
976634,1
825817,1
438503,0
1310507,1
116743,1
71920,1
920790,1
1409307,1
1120176,0
1245753,1
1148006,0
1291314,1
311210,0
669793,0
1239958,1
1319280,1
543393,0
287236,0
120239,0
1094361,0
765516,0
1398315,1
1130919,1
944251,1
422629,0
1031205,1
290594,0
650730,0
713508,1
20266,1
256258,0
1286983,1
914133,1
1172236,1
1246526,1
371296,0
1311123,0
1287876,0
1115546,0
929215,0
172847,0
634804,1
303406,0
371232,1
996171,0
421391,0
739624,1
311723,0
1148387,0
1090778,0
205937,1
458308,1
650077,0
1149220,1
10299,0
245935,0
1370667,1
1103345,1
1188695,1
404223,1
1098367,0
664767,1
889908,1
1427218,0
653071,0
640522,1
481435,0
1330876,1
666100,1
334233,1
980042,1
1322811,1
1098652,0
1084528,0
349177,0
1400658,0
503294,1
48088,0
1121206,0
1376392,1
1091560,0
663446,0
759565,0
1050171,1
488456,1
1394003,1
1041012,1
1359004,1
465444,0
489750,1
1173789,0
1323530,0
1182322,0
1148601,0
19745,0
904737,1
1211910,1
1068254,1
77512,0
949981,1
519131,0
1096130,1
1115124,0
994094,1
734648,0
1164584,0
50831,1
1235489,1
38271,1
1120534,0
1094453,0
785198,1
118556,0
1292874,0
283373,0
1284418,1
967575,1
1248327,1
4509,1
1364353,0
794096,1
695497,0
1102602,0
414484,1
559941,0
1130622,1
1332350,1
1368554,1
1141840,0
160005,1
679472,1
1249393,1
1333522,1
1291400,1
942477,1
318811,0
348238,1
1389592,1
1228709,0
485448,0
1266827,1
918762,0
394076,1
475536,0
571794,0
540996,0
1249408,1
1207357,1
717239,0
1334281,1
933227,1
596070,0
468854,0
634940,0
1341798,1
1307542,1
277840,0
1089456,1
745494,0
1240752,0
357206,0
193635,1
1186122,0
982364,1
1417896,1
1209840,1
1338626,1
1021473,1
1242391,1
488301,1
70020,0
862344,1
1353276,1
158112,0
297428,0
655960,1
631146,1
1146064,0
398927,0
1353690,1
318060,0
1322382,1
1303881,1
1409490,1
848261,1
801826,1
267552,0
1181546,1
567574,0
62481,0
1267187,1
289034,0
422374,0
95222,0
1310864,1
882404,1
9970,0
762591,0
930122,0
1422453,0
176216,0
1383600,1
1091853,0
541264,1
151918,0
1312589,1
1327824,1
604229,1
903421,1
943221,1
418330,1
1330382,0
1180809,0
33491,0
54811,0
370809,1
1213613,1
1301861,1
551035,0
907601,0
1004050,1
863435,1
1154071,1
1103588,1
20644,1
915676,0
1294356,1
236209,0
740376,0
880751,1
1266117,0
620635,0
1069204,1
405528,0
416165,1
1278119,1
806511,1
290109,0
888890,1
1310191,1
308289,1
1425188,0
90665,0
696756,1
1398298,1
696381,0
1279399,0
1063004,0
461913,0
496965,1
554682,0
1144367,1
668605,1
1363530,0
684874,0
